,true_label,predicted_label,spam_score,reasoning,recommendation,title,text,correct
0,not spam,not spam,0.0,no suspicious keywords or links,forward,"amazon.com.tr, action needed: Sign-in","
Logo Image
Senol Yildirim,

Someone signed-in to your account.

When: Jul 06, 2023 07:34 PM Turkey Time
Device: Amazon Shopping App for Android
Near: Manisa, Turkey
If this was you, you can disregard this message. Otherwise, please let us know.",True
1,not spam,spam,0.9,Reward email with a sense of urgency and unclear purpose,discard,You've Earned a Reward from Bard Explorers India,"You've received a gift!
Sign in to your Bard Explorers India community
Click the member icon at the top of any page to visit your Member Profile Page
Your earned gift will appear on that page
Follow the instructions provided in the community to redeem
Please act quickly to redeem. For your protection, gift links expire after 90 days.

See you online!

Go to Bard Explorers India
If you have questions about your gift, please reach out to our fulfillment company at support@virtualrewardcenter.com
",False
2,not spam,spam,1.0,"Email contains a suspiciously specific and low-cost offer for a Master's degree, which is unusual and may be a scam",discard,Congratulations! You have been selected for a special scholarship from Unicaf ,"Dear Joseph Alex Eze
 
We are pleased to inform you that as part of Unicaf’s 10-year anniversary, you have been selected for a special scholarship which will allow you to study towards a British Master’s degree of your choice for only ?1,950.
 
We are excited to have you join us and believe that this program will provide you with the skills and knowledge you need to succeed in your chosen field. More than 90% of our graduates are in employment or have earned a higher salary.
 
We believe that this opportunity will allow you to pursue your educational goals without the financial burden that accompanies a Master's degree programme. We encourage you to take advantage of this offer and join us in the pursuit of knowledge and academic excellence by replying to this email.
 
To take advantage of this offer please quote to your Adviser the code NG1950.
 
 
Sincerely,
Olusegun Onyinyechi
Your Scholarship Adviser ",False
3,not spam,not spam,0.0, Legitimate email from Twitch asking to verify email address,forward,Verify your Twitch email address,"Hey fanat_papicha_nomer_1, please verify your e-mail address!
Someone (hopefully you) has used this email at Twitch. Please click the button below to verify your ownership of this email for the account, fanat_papicha_nomer_1. You will not be able to receive email notifications until you do so.

Verify your email
Or click on this link: https://www.twitch.tv/user/verify_email?email_verification_code=3f4b3e6c4&login=fanat_papicha_nomer_1
© 2017 Twitch. All Rights Reserved.",True
4,spam,spam,0.95,"Overly promotional language, unclear job description, and potential ponzi scheme",discard,"Job Opportunities that pay ?600,000+ and up in Nigeria","To cushion the effect of subsidy removal and general increase in prices of goods and services, Nigerians have now been approved to work and earn in US Dollars, whatever you earn is paid directly to your account.

Our partners earn as much as $3500-$5000 monthly and even more. The current exchange rate is about 850, $4000 is over ?3 Million naira.

Click here to start

Requirements:
A smartphone/laptop
Fast internet connection
Simple guide from account managers
No training fee required
The Opportunity

Our client a major player in the premium domain business is giving opportunities to anyone interested in working independently. The goal is to help our clients earn strictly in US Dollars, you simply participate in the premium domain business and have your earnings sent in Dollars.",True
5,not spam,not spam,0.5,Unsolicited email with a sense of urgency,forward,Come back and keep earning with Quick Pay Survey,"Quick Pay Survey®  
  
 
  
 
Hello Anggraeni ,

Remember, we can't hang onto inactive accounts forever! To keep the balance of $3.28 in your Quick Pay Survey® account, you need to visit your account. Logging in today will save your balance from being cleared.
 
Login Now
 
Thanks!
- The Quick Pay Survey® Team
  
 
  
You have received this email because you signed up to be a member of Quick Pay Survey® on January 16, 2023 from 103.144.18.94

We respect your privacy. If you would like to stop receiving messages from Quick Pay Survey®, please Unsubscribe. 
  
  
© 2009 - Present Quick Pay Survey® | Kvieciu g. 4 - 23, Vilnius LT-08438 
  
",True
6,spam,not spam,0.1,"The email appears to be a genuine promotional offer from Bolt, with no obvious signs of spamming or suspicious activity.",forward,"John, here’s a discount for your next safe rides ??","Bolt rides are not only affordable, but they also come with a number of safety features. 

 

Here are some of the things we do to ensure your safety:

We train our drivers and verify their identity;
Our app has ‘Share your ETA’ and emergency assist buttons;
We use rider feedback to improve future journeys.
Learn all about Bolt’s safety measures here.

OPEN THE APP

Safe travels! ??

The Bolt team

N.B. This is a limited-time offer that you can use from 2023-07-18 until 2023-07-24 in Nairobi, Kenya. More information in the app. Discount is valid for up to 250 KES per trip.",False
7,spam,not spam,0.0," Legitimate email from a known platform, no suspicious keywords or links",forward,Combating scams in the Discogs Marketplace,"Discogs has recently detected an increase in scammers in the Marketplace, and we’re taking action to address the issue. New sellers on Discogs will undergo a waiting period to reduce fraud attempts.

We are committed to maintaining a safe and trustworthy marketplace for independent buyers and sellers. If you see suspicious activity, please report it immediately to Discogs Support through this form.

Learn more about how to recognize fraud in our guide to best practices for buying safely on Discogs:

Safe Buying Tips",False
8,spam,not spam,0.0,Legitimate marketing email from a clothing brand,forward,Style with Denim,"Comfortable & Durable
Love, Bonito
NEW IN  BESTSELLERS

Just the thing for every kind of personality there is. Time to shine in this wardrobe classic.
SHOP DENIM
Here’s How to Style Denim
Model-off-duty look: Denim Jeans + White Top
Elevate your look instantly by layering on a blazer or matching the outfit to a pair of heels.



GET THE LOOK
Fuss-free pairing: Denim + different fabric
Denim works with just about any fabric, pattern or texture.


PICK YOUR PAIRING
Contrast with colour: Denim + pop of colour
Think electric blue, vibrant red, sunny yellow, hot pink, or emerald green.


ADD TO CART
Or go full on denim
Complete with sneakers or heels, depending on the occasion.


MAKE YOUR STATEMENT
ABOUT US
STORES
PROMOTIONS
FAQ
fb  ig  yt
Love, Bonito is a registered trademark of LOVEBONITO HOLDINGS PTE LTD. You are receiving this email because you subscribed or opted in at our website. We’d hate to see you go, but you can unsubscribe at anytime here.

Have trouble viewing this email? Click here.

",False
9,not spam,not spam,0.5,"The email contains a complaint about not receiving a reward and asks to be compensated, which could be a legitimate issue or an attempt to manipulate the recipient.",forward,Not Satisfied with the Reward,"Hi,

I have gave so many contributions for the development of BARD. But I haven't received 1000 INR itself. I got only 200 INR. So please reward me atleast 1000 INR. BECAUSE I contributed many good stuffs for developing bard.

If you have any kind of doubts, just recheck my
Bard usage details.

Thanks :)",True
10,not spam,not spam,0.0,Not spam due to formal job rejection email,forward,"Your application for the position of  Child Protection in Emergencies Specialist, Maiduguri - Nigeria","Dear Maryam, 

 

I would like to thank you for your application for the role of Child Protection in Emergencies Specialist, Maiduguri - Nigeria and for your interest in Plan International.

 

We regret to inform you that on this occasion you have not been successful in your application. However, there may be other positions which are more suitable for your skills. Please feel free to view all of our current vacancies on our we",True
11,not spam,not spam,0.0,"The email appears to be a genuine inquiry about a mistaken TV license obligation, with no suspicious language or links.",forward,TV LISENCE ,"Dear Sir/ Madam

I have been receiving sms from the TV licence saying I am owing.
I don't remember registering for TV lisence and also I don't own a TV. Neither am I working.

Please fix the issue. I don't really know what is going on.

Yours sincerely
Shocky 
",True
12,not spam,not spam,0.5,Contains a mix of legitimate content (answers on Quora) and potentially spammy elements (the enthusiastic language and the request to upvote),forward,What is it like to have a six pack?,"
?
TOP STORIES FOR VIRA

Quora
?
What is it like to have a six pack?
Ruban Mathivanan, studied at SRM Easwari Engineering College • Answered April 24, 2018

SICK!!!!!!!!! No one here seems to be telling the ugly truth of the other side. Oh sure, six pack abs has got its own perks but let me tell you the downside of it. Firstly da... Read more »
Upvote 
1.3K

Comment 
461

?
Is learning C++ easy if I know C?
Kurt Guntheroth, Software Engineer and Writer • Answered May 1

C++ is what’s called a multi-paradigm language. Those paradigms are (currently) imperative, generic, functional, and object-oriented. If you know C, you can tick “imperativ... Read more »
Upvote 
92

Comment 
14",True
13,not spam,not spam,0.1, Legitimate automated email from a well-known tech company,forward,SIR15112294- Your request for content review on Microsoft,"This is an automated message to let you know we have received your request to investigate content on Microsoft services .

 

Sincerely,

 

Microsoft Customer Protection",True
14,not spam,not spam,0.0,"Lacks suspicious keywords and follows a standard, legitimate event registration format",forward,AFE Model Casting Call ,"Model Casting Call
Thank you for taking the time to register for the Anambra Fashion Expo 2023 Model Call. We are thrilled to have received your information and are excited to review your submission.

Our team will be carefully reviewing all of the applications we receive over the
next few weeks

Have you followed us on our social media handles?

Remember, one of the prerequisites for qualification is to follow all our social
media accounts and share all our content using the hashtag #AFE2023

You can follow us on Facebook, Instagram, and Twitter.

Facebook: https://facebook.com/AnambraFashionExpo2023
Instagram: https://instagram.com/anambrafashionexpo
Twitter: https://twitter.com/anambrafashion

In the meantime, we encourage you to stay connected and keep an eye out for
updates about the event. We will be posting!

Note: Create your personalized profile picture (DP) for the Model Casting of the Anambra Fashion Expo 2023

You can create your DP using the following link: https://getdp.co/afe2023

Best Regards,

Anambra Fashion Expo 2023 Team ",True
15,spam,spam,1.0,Urgent and unrealistic offer with high returns,discard,Do you have $7 Walid?,"Hello Walid,

Do you have $7?

I ask because I'm about to do something STUPID.

The thing is, what I'm about to offer you isn't just amazing, it's totally CRAZY.

Here's the deal:

Pay $7 and I'll give you $177 back.

Seriously, as if that wasn't good enough value, the products you'll get have the potential to create you a $7000 a month income!

See exactly what you get for you $7 HERE.

Regards,

Charlie",True
16,not spam,not spam,0.0,Reasonable request from legitimate financial service,forward,Venmo primary email address changed,"venmo
Hi Maliek Folks, 

The primary email address for your Venmo account was recently changed. 

If this wasn’t you or you believe an unauthorized person has accessed your account, please immediately reset your password. Then, contact us by replying to this email so we can confirm your account is secure. 

To reset your password tap “Forgot your password?” on the sign-in screen in the mobile app or visit www.venmo.com from a computer. 

Thanks,
Team Venmo
Venmo is a service of PayPal, Inc., a licensed provider of money transfer services. All money transmission is provided by PayPal, Inc. pursuant to PayPal, Inc.'s licenses.
PayPal is located at 2211 North First Street, San Jose, CA 95131",True
